Sales,Profit,Assets,Market_Value
252.90,50.00,4090.70,588.10
369.00,73.40,1070.00,899.10
489.10,116.90,661.50,1919.30
223.80,50.40,6586.00,215.20
183.30,25.00,3273.80,307.30
590.70,37.70,531.00,1922.10
199.80,47.00,5403.80,187.50
236.60,86.20,484.30,3123.10
193.50,37.40,5832.90,170.90
317.90,82.40,407.40,2177.70
311.90,34.20,595.40,274.90
381.60,100.40,337.40,2911.50
173.30,32.10,4657.10,145.70
331.90,32.80,377.90,536.70
144.90,22.20,3000.50,166.40
120.10,18.80,1959.20,212.90
289.70,17.90,402.00,228.50
399.10,22.70,388.10,177.60
379.50,15.40,284.20,482.90
657.30,18.90,254.10,521.10
202.40,14.90,349.80,388.00
195.00,20.30,261.70,299.80
116.70,9.40,1698.40,150.80
142.70,45.80,222.80,1197.00
212.60,21.50,283.10,171.20
99.80,9.50,1228.50,162.90
90.10,11.30,1477.80,150.40
163.90,7.80,2432.50,122.20
136.10,11.80,1654.80,105.50
142.70,18.70,281.00,204.10
148.20,9.70,1056.80,113.80
157.60,11.10,2862.70,88.90
134.00,11.30,380.20,168.60
70.60,20.30,1594.00,127.40
81.30,28.90,1607.10,97.40
142.80,12.30,1944.00,82.10
122.30,13.60,399.40,124.80
86.20,18.30,227.80,472.30
74.00,10.30,2667.40,117.20
121.90,15.40,263.60,154.10
131.30,11.20,244.20,200.80
414.90,8.50,289.70,106.80
348.60,16.30,672.00,65.60
80.20,8.90,1430.30,101.50
89.70,17.50,172.00,372.20
71.50,27.30,180.90,672.00
202.80,9.20,275.40,104.40
93.10,16.40,158.70,423.90
108.80,8.40,210.50,233.10
103.50,12.50,150.40,272.10
109.40,7.60,684.00,81.60
164.30,14.40,288.50,77.10
69.50,8.90,269.30,174.70
99.40,22.30,213.20,92.60
71.80,8.10,807.40,87.60
78.80,13.10,1982.50,59.20
80.30,11.30,2259.70,58.10
94.70,13.70,109.20,566.00
84.10,15.10,119.60,395.70
204.90,20.10,223.30,65.00
168.30,11.60,274.70,65.80
121.50,4.80,318.80,119.10
61.30,6.70,1950.80,80.90
361.30,7.30,249.70,72.40
49.30,7.70,483.20,133.60
75.20,9.00,865.80,63.50
90.00,6.70,225.40,101.90
84.40,8.00,156.30,148.20
39.00,6.50,870.70,135.40
98.00,4.90,561.40,73.60
174.90,10.70,276.60,52.20
92.50,8.80,195.60,82.10
105.50,6.40,2418.50,48.30
38.90,11.60,177.90,646.60
91.90,9.20,100.00,250.50
151.80,14.90,79.20,341.10
52.50,10.60,137.10,339.40
135.30,6.70,155.00,88.90
65.30,12.80,107.50,208.40
102.80,9.60,137.20,82.90
171.70,6.20,111.90,127.30
57.40,17.50,141.80,118.10
58.90,10.60,1419.20,50.90
42.20,9.10,1006.10,74.80
62.10,8.20,137.20,155.30
51.70,9.30,212.20,111.40
67.80,6.60,525.20,63.70
59.40,5.30,221.00,138.10
54.40,6.00,148.90,293.90
55.40,12.10,101.20,195.10
141.30,7.70,196.70,53.70
53.60,5.80,1042.50,59.20
125.40,9.00,219.80,47.30
96.00,4.70,209.80,75.10
204.10,3.60,148.40,96.20
248.80,6.80,66.30,352.90
70.00,5.00,298.00,65.10
65.40,4.40,339.40,74.90
48.70,15.20,94.30,201.40
46.10,10.80,99.40,271.50
69.50,3.50,163.90,175.00
67.00,11.20,83.70,174.20
58.60,9.50,105.60,110.50
53.90,4.00,991.60,69.10
55.10,4.70,1841.30,51.10
72.10,4.20,132.60,136.70
55.20,4.10,192.70,135.50
92.10,7.40,111.70,76.80
55.10,10.60,95.30,142.30
317.40,7.60,410.40,33.30
60.90,29.80,65.70,2312.00
54.00,10.10,103.50,119.20
96.10,8.10,1597.70,31.90
71.00,3.50,160.20,138.50
218.00,4.30,123.90,76.90
55.30,7.30,100.00,152.10
51.60,6.60,818.10,47.10
41.20,5.00,683.60,64.70
191.70,4.80,117.90,73.10
50.50,6.60,164.10,83.60
47.60,6.30,102.30,238.40
46.60,5.80,139.70,121.50
64.50,7.00,83.10,216.80
177.50,3.90,274.30,49.00
51.00,5.10,481.70,54.20
38.70,4.60,698.70,71.50
34.70,5.40,334.10,89.50
34.10,18.10,92.40,560.50
26.50,10.80,875.40,66.40
54.30,6.20,101.20,123.30
49.00,4.80,475.60,53.50
40.90,4.60,710.90,56.50
75.30,5.10,131.00,71.50
54.10,9.40,1255.00,34.70
42.50,6.00,97.10,227.20
25.60,4.80,468.80,140.00
65.00,5.80,88.90,122.50
26.20,7.50,560.70,75.30
146.50,7.90,85.50,63.30
32.40,5.20,566.20,63.80
74.70,4.00,555.30,42.00
28.50,5.30,283.50,95.30
97.00,5.50,95.70,67.20
35.30,4.30,686.80,62.10
89.60,5.90,67.60,127.70
68.00,4.90,1437.30,33.60
42.90,4.70,727.30,46.30
47.90,8.60,90.80,91.30
48.00,4.40,212.30,61.80
24.00,7.50,179.90,156.30
97.00,3.90,158.30,50.40
83.20,4.20,93.80,83.00
24.50,7.90,1112.30,55.90
33.10,5.80,1123.80,44.40
88.90,1.70,195.10,189.40
148.90,5.80,76.40,62.40
67.60,2.40,677.60,52.80
34.90,4.10,102.80,277.10
49.70,5.30,1252.60,33.20
62.10,6.00,443.40,30.90
27.50,3.80,278.80,93.70
61.10,2.30,105.80,332.30
40.30,5.60,72.50,181.10
71.40,4.30,117.40,52.30
88.50,3.20,82.10,106.70
31.50,5.10,1992.30,41.20
32.80,6.30,80.30,207.90
87.50,4.40,86.10,63.30
67.30,4.10,80.80,86.10
64.60,7.00,51.30,190.90
69.60,6.80,55.00,111.90
44.50,6.70,57.30,260.30
28.50,5.60,653.30,43.50
35.90,6.10,63.90,731.80
22.70,4.10,339.80,92.90
35.70,7.90,65.30,155.20
33.70,5.10,881.10,35.50
140.10,7.00,62.60,54.30
31.50,4.40,140.90,78.20
153.70,3.50,83.30,55.70
36.20,3.40,434.70,44.50
41.80,7.80,91.50,55.40
38.60,5.60,73.90,91.90
58.90,2.10,725.80,43.50
86.40,7.70,43.40,132.20
54.60,4.60,148.00,39.30
36.90,5.70,65.60,134.10
309.00,3.00,67.40,73.40
29.50,3.30,178.70,80.20
36.40,8.40,53.20,216.30
66.70,5.50,57.00,84.60
32.30,4.20,90.80,114.10
29.40,3.80,93.00,167.60
89.30,2.40,215.00,41.50
25.40,4.20,140.10,87.00
25.20,5.20,670.70,39.20
26.40,3.40,630.40,48.20
26.20,4.40,83.40,196.90
36.10,4.30,77.60,95.50
38.80,4.30,65.10,139.10
107.40,4.10,55.40,74.10
87.90,3.80,74.20,51.30
39.80,4.40,93.50,58.00
25.40,9.40,115.00,53.70
53.20,4.80,68.90,65.70
35.50,13.00,43.30,581.10
77.50,5.10,80.60,41.90
46.80,3.40,96.30,61.40
19.10,5.90,124.00,120.70
34.70,8.40,49.10,194.20
77.30,3.20,214.00,30.30
34.90,6.40,48.80,267.70
101.90,1.10,491.90,73.00
32.00,4.00,339.60,35.50
17.30,8.10,92.20,239.50
42.90,3.10,117.80,50.30
52.10,4.80,67.30,54.00
24.10,6.40,67.30,149.50
18.60,5.20,440.80,48.30
49.40,3.20,173.50,35.30
46.60,3.80,332.10,27.20
25.80,8.60,53.50,196.40
61.20,2.60,390.80,27.90
155.50,2.70,82.60,41.70
30.40,4.30,83.30,67.40
81.50,1.90,1973.60,27.60
40.10,3.30,812.50,25.30
40.50,5.70,954.40,19.70
36.70,5.80,65.90,51.60
34.50,2.10,78.80,224.70
25.70,11.80,42.60,427.90
16.30,5.30,285.90,56.40
35.20,4.40,168.00,30.00
59.00,5.00,75.00,34.00
77.50,7.20,62.10,32.60
28.30,7.70,42.20,365.00
43.10,3.40,55.20,82.00
60.70,4.20,79.50,34.40
51.60,5.20,37.40,139.10
20.20,4.30,396.90,37.60
29.80,3.20,388.20,30.00
20.80,4.30,336.30,36.60
90.00,3.20,99.80,26.60
26.40,5.50,56.10,82.60
19.30,5.30,124.60,50.20
66.10,2.20,446.30,23.10
27.40,4.30,74.30,56.20
43.90,4.50,1069.20,17.20
84.60,1.90,1716.70,20.90
36.80,3.00,543.90,22.60
38.90,5.80,35.60,146.10
14.00,4.30,222.90,85.50
43.00,2.50,183.30,28.40
29.80,3.30,53.40,105.60
19.40,3.20,92.70,89.40
178.20,4.50,257.90,14.50
47.70,2.40,125.60,31.20
25.60,3.70,55.70,93.80
93.80,5.00,57.80,27.80
20.20,5.70,234.90,28.60
27.50,2.50,66.90,102.60
276.50,1.90,63.90,44.30
34.10,4.30,47.90,69.50
51.80,2.90,63.30,44.40
26.20,3.20,537.10,25.10
19.60,2.20,264.00,46.60
40.20,3.10,49.20,63.20
54.20,4.50,29.70,113.60
27.00,3.10,144.10,30.30
18.60,10.90,39.50,298.20
27.00,2.10,361.20,30.10
102.80,2.00,132.80,23.10
18.90,3.70,64.20,103.30
26.60,2.80,90.30,43.70
30.10,3.40,62.60,48.60
32.30,3.60,41.10,96.70
23.50,7.40,44.80,74.70
26.50,7.30,31.90,176.20
89.80,1.30,123.10,36.10
49.40,2.20,60.10,49.30
18.50,3.50,359.20,29.40
91.70,3.00,54.80,30.50
23.30,3.90,47.60,103.50
52.90,3.80,44.40,43.80
47.80,2.70,72.90,32.30
35.40,5.10,40.40,55.60
37.90,3.90,81.10,27.00
24.10,2.40,127.60,39.80
17.60,3.60,386.20,29.20
58.60,1.40,96.50,44.70
150.00,2.10,50.50,39.10
26.10,3.30,370.10,20.60
16.70,3.20,182.00,42.30
109.20,2.00,50.10,42.90
16.60,3.10,179.80,43.10
50.10,3.30,59.00,32.20
20.60,4.10,507.80,21.30
34.90,3.10,46.30,56.60
52.70,2.70,93.20,24.80
23.30,2.40,247.40,30.20
19.60,2.80,97.70,48.80
17.00,2.10,113.40,78.80
40.10,2.20,47.80,69.60
28.60,3.10,527.20,18.50
68.00,2.90,36.20,53.40
38.20,2.50,45.70,63.80
35.20,3.00,148.40,20.70
14.90,3.90,125.50,46.50
67.40,3.00,96.80,19.30
22.60,3.00,53.50,79.10
25.70,2.60,596.10,19.90
39.00,2.00,41.90,100.00
80.10,1.60,70.80,33.90
20.40,4.00,46.80,79.00
23.70,3.40,38.50,132.00
29.00,1.60,417.00,25.70
32.30,4.20,74.70,24.90
54.00,1.90,179.70,20.10
36.50,4.20,29.40,88.20
20.50,8.50,36.50,79.10
22.20,2.30,103.20,38.60
37.10,5.00,34.40,49.90
18.20,2.50,324.80,28.80
21.60,2.30,152.70,31.40
61.30,3.80,70.80,19.40
96.20,2.00,55.20,29.80
35.10,4.00,39.00,46.10
21.00,3.40,39.40,127.50
22.40,2.60,46.10,94.40
25.30,3.70,606.00,15.30
31.40,1.90,560.20,19.00
63.70,3.30,68.20,19.70
15.80,3.60,399.60,23.60
28.40,4.10,52.70,32.20
39.50,3.40,40.60,37.90
16.80,5.90,34.90,177.60
28.00,1.90,111.50,28.10
22.00,2.40,52.00,67.20
49.20,1.70,81.60,26.30
56.60,2.40,134.70,15.90
87.70,3.00,131.20,12.90
58.80,3.10,62.20,19.90
22.80,1.10,67.90,265.80
25.00,2.70,70.60,30.50
19.90,4.80,28.80,216.60
31.70,2.70,102.30,20.00
38.60,1.40,39.60,137.20
19.40,3.60,538.90,17.00
39.80,1.20,155.90,26.50
158.20,3.70,236.50,10.20
48.20,1.60,197.10,18.50
20.20,3.40,47.30,50.40
23.80,1.60,54.20,77.90
143.30,18.00,4323.80,1.80
34.10,4.20,33.90,41.30
22.00,4.80,27.70,125.80
13.50,4.40,53.50,81.00
20.80,2.40,357.90,19.10
85.30,1.50,59.50,27.60
54.80,2.70,71.90,18.10
28.70,2.30,40.90,52.30
53.10,3.40,35.80,30.50
12.80,2.80,60.50,138.30
24.80,3.40,65.20,25.90
110.50,11.30,3287.40,0.96
13.60,2.90,89.60,49.50
106.60,3.30,239.20,10.10
21.20,3.20,45.70,44.60
18.70,1.90,338.00,23.50
19.50,3.60,42.60,50.50
10.70,3.80,78.70,87.30
21.20,2.40,54.70,42.50
11.60,3.60,136.50,38.10
43.20,1.30,403.40,16.90
13.90,3.30,288.00,23.00
18.80,2.70,57.40,40.70
14.70,2.70,217.80,25.70
17.60,2.70,351.30,18.30
19.50,2.40,107.80,25.20
43.50,1.20,58.80,41.60
10.00,2.50,131.40,79.40
85.60,1.80,168.10,12.70
70.50,2.30,46.60,21.70
29.50,1.00,99.80,41.70
22.20,2.00,293.20,17.40
36.40,2.00,40.80,37.90
13.40,2.70,216.90,26.20
36.90,2.40,35.70,37.80
15.10,2.40,70.70,43.70
26.50,1.60,73.20,29.60
20.50,3.00,40.20,44.70
18.60,5.80,29.90,55.40
20.70,2.50,32.70,84.40
17.20,4.90,42.90,36.70
14.20,2.00,58.00,88.80
14.60,3.60,42.70,65.50
26.80,1.70,43.50,46.50
26.70,1.60,40.70,56.90
42.00,1.20,48.00,42.80
14.40,1.70,102.00,44.80
40.60,2.10,36.60,32.90
16.70,3.60,34.00,75.00
7.40,15.20,84.80,79.10
13.10,2.60,215.10,25.70
85.40,5.80,71.20,10.50
14.10,4.80,52.50,37.90
19.40,2.90,121.20,17.60
13.20,2.30,214.50,26.40
19.70,1.30,54.20,68.30
95.80,2.00,67.00,14.40
21.50,2.40,452.30,13.30
57.40,1.10,76.70,22.30
29.10,5.50,17.60,166.50
38.70,32.40,942.20,0.44
8.20,3.20,93.30,104.10
24.90,2.40,38.60,39.10
17.80,2.20,44.40,48.20
11.60,2.80,48.40,106.20
19.80,2.80,29.60,70.10
48.50,1.70,53.70,21.20
68.30,0.92,93.90,21.60
28.80,1.10,364.40,17.50
15.00,3.20,436.50,15.30
11.20,2.10,66.70,90.80
28.10,1.90,58.60,23.20
24.10,2.90,25.80,67.90
13.10,3.90,34.40,108.20
15.10,2.80,29.70,185.10
78.00,2.10,24.70,37.80
30.40,1.80,32.20,47.30
49.00,1.00,80.20,23.80
30.00,2.20,36.90,30.50
34.00,1.90,31.80,39.10
30.60,2.10,38.90,29.00
26.80,2.70,37.20,28.00
55.10,-0.29,221.10,162.30
14.10,2.50,37.30,90.50
14.90,2.20,52.30,45.80
10.20,2.90,60.30,76.60
17.10,2.30,198.40,16.20
13.20,1.80,270.60,23.20
11.40,2.20,92.00,40.50
11.40,2.10,94.60,40.40
23.00,1.20,40.80,58.80
13.70,2.60,40.80,63.60
14.50,4.70,22.60,261.40
32.20,1.50,41.30,29.60
16.90,2.80,31.40,52.20
32.80,1.30,61.90,23.40
76.40,-2.20,134.50,113.50
14.30,3.20,35.80,52.60
10.40,0.95,1026.20,62.80
23.00,2.40,23.40,79.20
38.70,1.70,33.70,31.20
26.20,1.80,37.10,33.40
32.40,1.70,65.20,18.10
7.50,3.30,91.10,75.30
14.70,1.80,36.70,109.70
24.50,2.10,41.90,26.10
20.70,1.30,133.50,19.60
46.70,-1.70,308.70,80.60
67.20,1.50,61.80,14.70
65.10,1.50,202.50,10.40
11.10,2.00,223.70,25.50
44.30,2.60,45.20,15.10
20.20,2.60,30.90,40.20
29.00,1.90,37.90,27.50
14.50,1.80,66.70,33.60
28.10,3.10,59.70,14.10
29.90,0.94,49.10,41.80
25.40,2.30,65.20,16.60
18.10,0.90,53.30,91.50
15.00,2.80,40.20,38.10
39.80,1.70,55.40,16.90
20.20,2.40,23.40,80.90
91.80,1.80,62.00,12.10
14.60,4.20,26.20,65.00
40.10,1.70,22.40,48.80
14.90,1.30,288.40,20.00
18.30,1.40,53.60,31.40
10.90,1.70,171.60,28.50
37.20,1.90,35.60,22.20
12.40,2.10,127.70,21.20
9.20,3.10,104.50,29.80
23.60,2.40,20.80,76.50
10.20,2.90,52.70,50.30
13.80,1.80,65.60,30.80
17.20,3.90,28.50,34.80
9.30,1.80,120.40,40.80
14.00,1.80,81.20,26.20
18.20,2.00,34.60,41.10
27.30,2.90,49.20,14.80
32.20,1.70,51.50,17.50
25.40,1.80,98.80,13.00
10.30,2.20,39.70,151.90
36.00,2.10,43.20,16.90
21.70,2.60,27.90,32.70
28.60,0.94,281.70,14.30
16.50,1.60,62.70,26.20
23.30,1.40,35.00,38.30
22.80,2.60,36.10,21.50
33.20,-1.40,535.00,53.50
20.20,1.20,41.80,42.40
12.20,2.50,35.90,58.40
14.00,1.60,55.40,34.90
24.30,1.80,27.30,38.60
21.60,1.20,230.00,13.50
55.90,0.54,656.30,19.00
15.20,1.80,31.40,59.30
23.10,2.60,24.70,33.60
61.10,1.10,64.90,14.50
12.60,2.20,42.80,40.80
45.50,-6.10,99.00,89.30
19.80,1.80,32.30,34.20
16.80,2.50,58.40,17.80
16.60,2.50,44.90,21.60
11.10,1.80,193.50,20.60
47.80,1.90,96.40,9.80
5.60,3.20,132.10,76.70
16.50,3.70,25.00,37.20
13.20,1.20,258.30,19.90
16.40,0.96,83.60,29.40
19.50,1.60,32.20,37.40
19.90,1.10,42.80,37.50
16.80,1.80,184.00,12.40
17.60,3.00,100.00,11.50
28.30,0.84,53.60,28.60
33.90,-17.90,151.30,69.90
18.90,1.40,64.60,20.50
11.80,2.70,65.70,21.90
11.40,2.50,331.50,14.00
15.80,3.40,22.80,46.20
11.10,2.40,124.60,18.50
14.70,2.10,35.20,36.50
22.90,2.10,40.20,19.00
10.20,4.90,24.50,92.50
54.10,3.20,24.30,16.40
40.00,0.76,61.00,23.00
21.20,6.80,35.60,13.80
10.30,4.40,25.00,84.00
32.50,2.70,31.80,15.60
30.10,1.40,46.90,17.50
32.60,1.60,23.60,31.50
16.60,2.70,18.60,90.00
14.50,2.50,26.70,45.70
24.20,2.30,45.70,14.40
16.30,1.50,80.90,17.20
12.00,2.10,61.60,24.10
34.30,1.40,23.10,34.20
72.10,0.03,88.30,47.50
13.30,2.80,23.30,68.50
14.20,3.60,18.30,119.20
10.20,4.00,23.90,114.90
12.50,1.40,220.40,16.90
101.20,1.80,123.40,4.50
36.60,1.20,31.10,25.40
12.00,1.40,42.10,52.30
6.60,1.90,262.90,37.20
20.30,1.20,38.10,30.10
20.50,1.70,31.60,26.40
15.40,2.90,47.90,17.10
11.80,2.90,113.70,13.60
18.20,2.20,19.30,74.40
15.10,2.40,48.20,19.10
28.90,1.70,18.60,51.90
19.80,2.60,16.60,77.20
17.50,1.40,233.50,11.80
14.00,1.30,43.40,38.20
18.60,3.20,16.50,71.90
15.10,3.30,25.00,31.40
14.80,1.10,191.70,16.50
16.00,1.40,40.60,28.80
15.00,2.90,20.20,57.50
30.40,-3.50,76.70,96.50
27.40,0.48,56.30,84.40
14.30,1.70,168.10,12.70
9.90,2.20,161.90,16.70
10.50,1.10,61.00,56.30
31.80,2.90,41.60,11.10
26.00,1.80,23.20,27.90
9.70,1.80,52.40,37.10
20.10,3.00,23.60,22.30
51.00,-3.40,129.50,30.50
18.20,2.10,437.50,8.30
45.00,1.00,36.00,18.80
220.60,0.55,45.90,24.10
20.80,1.70,38.00,17.90
9.20,1.80,154.90,18.50
57.60,1.90,25.80,14.60
13.30,1.20,276.40,13.20
10.30,1.50,78.30,24.00
13.00,0.98,64.50,30.30
16.80,1.40,28.30,37.50
11.60,3.40,20.80,63.70
15.50,1.50,27.30,39.20
7.80,1.80,124.60,23.70
11.50,1.40,45.80,31.40
4.70,1.30,348.00,51.00
15.50,1.60,21.30,66.70
17.80,2.60,16.70,50.50
16.10,3.10,15.70,74.80
21.60,1.70,22.00,31.40
7.80,2.50,167.60,17.30
24.90,1.50,23.70,25.90
55.70,0.88,39.50,16.30
12.80,0.98,156.10,17.50
20.70,0.86,100.70,14.00
22.80,0.89,42.90,21.60
9.70,1.50,124.60,18.20
29.40,1.80,15.70,42.70
14.60,1.40,118.10,12.20
15.10,1.40,26.60,42.10
19.10,1.70,374.90,8.00
17.00,1.10,60.20,17.40
11.60,2.00,24.70,48.70
6.10,4.10,60.50,38.30
12.10,3.70,57.30,12.50
20.40,1.80,17.10,45.20
13.30,1.40,46.00,21.70
10.60,2.40,34.50,29.70
25.00,2.80,47.00,9.50
25.70,1.40,24.60,21.90
31.80,1.10,37.70,15.30
21.70,1.40,34.90,17.60
7.10,2.20,107.90,21.30
84.30,1.30,54.10,8.80
44.20,-0.71,112.70,25.00
15.10,1.30,31.10,28.40
19.30,2.10,18.40,34.20
32.70,-7.00,55.20,58.20
15.60,2.00,336.80,8.20
28.50,1.60,25.40,17.20
32.50,1.00,23.00,28.00
12.70,2.50,16.20,107.50
89.10,1.10,97.30,4.70
9.90,2.10,265.30,11.40
15.30,1.40,35.20,21.60
18.30,-3.80,65.70,138.70
57.70,1.20,112.80,4.90
7.40,3.30,71.10,19.20
11.50,1.50,58.00,18.70
12.40,1.90,28.40,28.70
8.70,3.20,29.70,35.30
18.90,2.10,178.90,7.30
21.10,1.10,27.40,26.60
11.40,2.20,19.00,82.00
16.20,2.50,219.70,6.30
19.60,1.20,35.70,19.30
9.90,1.90,203.10,11.90
12.00,1.30,45.90,24.10
32.90,4.90,27.20,9.70
8.10,1.30,43.80,55.60
79.20,1.30,28.80,11.90
16.20,0.86,192.90,12.20
30.70,0.30,66.50,41.20
25.00,0.90,64.80,12.80
12.90,1.10,51.30,23.00
18.20,1.40,21.90,31.50
9.40,2.00,190.70,11.90
20.90,2.60,28.90,12.50
20.40,1.90,15.30,44.40
9.80,1.30,51.80,27.90
15.80,1.10,19.10,88.70
19.90,1.50,34.70,14.60
38.80,1.50,51.10,8.70
14.70,2.60,64.10,10.20
17.40,1.80,22.30,24.80
11.30,1.20,43.10,27.90
12.80,2.00,16.70,79.20
43.10,1.00,32.70,13.60
25.10,1.40,27.10,16.40
36.00,0.69,89.20,11.40
40.60,-3.00,119.80,19.70
8.00,1.50,159.60,15.50
16.10,2.40,14.20,59.60
13.70,1.10,166.00,11.10
11.10,1.40,22.90,68.20
14.20,3.50,21.50,20.20
10.00,1.70,25.70,46.70
33.20,-0.44,47.90,44.60
44.30,0.78,40.80,13.60
17.00,1.40,26.30,21.30
35.70,0.78,78.20,10.30
26.10,1.10,27.10,17.70
11.10,1.30,259.80,11.10
9.70,1.60,172.00,11.70
66.70,0.31,86.50,18.20
15.10,0.55,501.40,16.50
144.60,-6.00,84.20,15.70
24.00,1.00,27.90,18.80
60.30,1.60,33.10,8.90
14.60,0.76,38.20,32.70
12.50,1.50,33.60,20.30
16.80,0.56,43.60,39.30
16.80,1.40,353.90,5.10
8.70,1.40,43.90,27.00
14.10,2.00,33.40,15.00
12.60,2.00,18.30,43.50
10.40,1.20,50.10,22.30
25.70,1.30,14.90,41.10
17.40,1.60,20.20,24.40
9.50,1.90,17.50,156.80
13.90,1.40,62.00,11.60
18.90,1.60,28.20,14.50
10.70,2.40,33.00,18.80
10.60,0.87,187.50,14.50
22.90,0.50,35.60,44.60
16.40,2.70,16.50,25.00
6.00,1.90,98.50,22.20
35.80,1.40,38.00,9.40
68.10,0.52,177.50,9.40
9.60,1.40,223.30,11.00
14.90,1.50,27.30,18.80
41.90,0.06,71.60,19.70
38.60,0.84,40.90,11.30
16.60,1.80,8.40,46.40
25.30,0.46,57.70,23.00
8.30,0.94,31.90,75.90
16.50,1.60,28.10,14.60
7.80,3.10,38.90,18.20
25.50,1.40,13.40,32.30
9.60,2.60,15.00,100.70
5.70,5.50,68.90,16.50
6.80,1.40,38.20,44.70
24.20,1.10,41.80,10.70
21.90,1.40,22.90,14.80
11.20,1.60,21.20,35.00
9.60,1.00,29.60,43.60
3.70,2.60,44.20,31.70
5.80,2.60,33.70,48.50
23.10,1.30,18.30,21.30
10.10,2.20,21.40,31.20
10.00,2.40,21.90,27.30
13.20,1.40,41.30,13.30
12.60,0.82,74.40,14.30
10.10,2.60,21.40,26.00
37.50,1.20,34.60,9.30
64.30,0.54,45.60,13.00
16.50,0.13,46.40,64.60
7.50,2.30,18.30,102.70
13.50,1.40,19.60,32.10
6.70,2.60,19.60,113.70
30.40,1.00,28.80,11.90
34.60,-2.40,54.20,21.50
18.60,2.40,15.00,21.00
15.30,0.68,47.00,19.80
31.90,0.94,29.90,12.00
10.70,1.60,21.80,31.90
12.50,1.20,18.10,49.80
7.50,1.70,127.70,11.50
6.10,2.20,150.60,13.50
10.00,1.60,75.90,11.00
2.60,1.50,43.40,47.80
8.40,1.20,49.90,20.10
15.90,1.10,20.80,26.10
14.20,2.20,17.10,22.70
0.71,4.80,27.30,36.20
6.40,1.50,30.00,58.00
16.30,1.30,96.80,6.60
20.80,0.77,26.40,19.50
16.70,0.89,42.10,12.90
9.50,2.30,44.70,12.10
10.20,2.00,254.80,4.30
13.30,1.90,12.00,43.40
35.90,1.10,15.50,20.40
24.30,1.50,17.70,15.80
6.90,2.40,18.80,77.20
25.80,0.25,314.80,12.00
11.30,1.50,87.20,9.10
18.60,1.00,21.30,20.30
43.30,0.44,52.70,14.60
6.20,1.10,503.20,15.20
32.10,1.50,17.10,13.90
7.50,1.70,45.40,18.00
9.30,1.20,26.60,33.60
11.00,1.60,29.10,17.30
15.30,0.64,22.70,48.30
11.80,0.78,73.10,13.90
14.30,0.71,31.90,25.30
11.30,1.30,20.10,34.80
10.70,2.00,26.00,17.20
7.30,1.40,21.60,72.30
5.80,1.70,40.60,35.70
13.10,-2.70,55.30,50.40
52.90,-0.61,37.50,21.00
12.20,1.00,106.10,9.40
16.20,0.87,21.00,27.10
8.70,2.40,14.30,79.40
6.20,2.20,65.20,16.10
22.10,0.89,16.80,27.30
5.10,1.50,111.10,17.40
14.80,0.56,42.60,24.40
10.00,1.50,24.80,22.10
43.50,1.20,15.00,15.90
22.30,1.40,17.80,16.20
7.00,1.70,199.50,10.30
9.60,1.00,30.20,26.30
7.30,2.00,15.80,141.50
14.50,0.95,22.80,22.70
12.60,1.30,53.60,10.10
12.00,1.40,14.60,57.20
11.40,2.10,12.40,41.90
14.30,1.40,9.80,39.10
5.50,1.20,42.60,46.40
21.50,0.77,15.50,38.70
10.30,1.40,28.40,18.60
21.10,1.10,13.20,30.10
22.80,0.79,21.90,18.70
4.40,0.78,68.30,48.00
8.50,2.50,10.50,65.40
17.40,1.30,28.80,11.10
19.30,0.68,113.70,8.60
15.00,1.70,17.40,18.30
13.90,1.60,21.70,15.30
4.70,1.40,65.30,21.10
5.20,1.40,71.50,20.20
5.20,1.10,143.20,18.30
31.40,1.50,17.90,11.20
53.20,0.50,64.40,9.70
22.60,0.41,49.80,19.00
7.30,0.99,44.40,23.20
6.30,1.40,30.90,36.20
14.10,1.20,86.60,7.20
8.10,1.80,151.30,8.10
10.50,1.20,15.90,51.10
10.20,1.30,8.40,88.30
5.60,1.90,29.60,35.00
34.90,0.75,54.10,7.80
29.60,-0.72,47.80,17.10
11.10,0.85,29.30,21.50
74.20,0.41,40.80,12.70
13.50,0.86,73.70,9.50
25.20,0.72,27.20,13.20
9.10,1.30,118.40,8.80
28.30,-0.40,32.70,25.10
16.50,0.71,33.90,14.60
7.30,1.10,41.30,19.90
8.50,0.94,40.20,19.20
9.40,1.50,9.00,70.20
8.90,0.84,211.60,10.20
15.10,0.44,51.30,21.20
17.40,0.69,191.90,4.30
7.60,1.90,15.90,51.00
10.20,1.40,13.30,61.30
56.40,0.63,27.80,11.00
17.10,1.50,11.20,20.40
19.50,1.60,35.60,4.10
12.40,0.61,27.60,30.30
7.00,1.30,64.80,13.00
7.40,0.89,52.80,18.60
99.60,-1.40,160.50,6.30
16.00,0.88,15.00,32.40
11.30,1.80,27.20,11.80
33.40,1.40,25.10,6.40
11.70,1.20,16.90,26.80
11.80,1.00,8.90,52.00
14.70,1.10,9.60,30.80
14.50,0.86,22.60,17.70
28.10,1.00,18.30,12.30
43.60,-0.01,22.60,25.80
26.70,0.43,36.00,16.70
73.50,0.95,23.70,7.90
13.70,1.10,29.10,11.80
19.60,-0.50,32.80,26.40
8.20,0.76,39.60,21.80
7.20,1.40,16.50,68.50
11.60,0.61,50.70,15.60
4.60,2.10,19.60,50.70
30.30,0.83,40.30,7.50
5.40,1.20,104.80,13.90
9.60,1.60,7.10,42.20
8.30,0.63,132.20,13.30
16.50,0.66,23.30,19.50
13.90,0.70,29.50,16.90
25.90,0.57,25.30,14.60
11.10,1.10,102.50,7.00
3.60,3.20,315.70,5.90
23.10,0.65,74.20,6.60
3.50,1.20,69.50,16.40
6.10,1.30,81.40,12.70
7.60,1.50,206.30,5.50
24.30,0.42,54.20,12.10
6.20,0.99,30.30,36.20
23.40,1.20,21.60,9.40
33.20,-0.17,375.30,6.50
7.90,0.99,39.00,16.40
6.70,1.20,44.10,15.70
12.40,1.00,79.40,5.80
6.80,1.30,124.50,9.30
9.50,1.50,24.40,14.00
45.50,-1.60,165.60,4.20
23.40,0.15,19.90,44.50
6.70,2.20,135.50,7.30
17.30,2.10,7.30,13.10
14.80,1.10,32.80,9.20
1.80,1.10,35.60,28.40
34.00,0.63,30.70,9.70
6.30,1.20,130.50,10.30
7.30,0.91,93.90,11.10
5.40,1.70,85.60,10.90
6.10,2.30,10.60,100.20
6.70,1.10,61.80,13.20
10.00,0.92,18.70,29.70
7.30,1.70,10.10,56.40
34.60,0.77,15.80,14.00
30.60,-1.00,22.00,25.60
8.20,2.20,13.50,31.50
10.60,1.90,19.80,13.30
38.80,-0.06,158.90,1.50
7.50,1.10,26.60,20.90
7.70,1.80,28.60,12.90
13.10,0.81,24.80,15.10
9.80,1.60,18.20,18.60
18.40,1.20,25.70,8.70
29.80,0.54,68.90,3.90
11.20,-6.80,35.90,43.60
7.60,0.57,30.10,49.10
7.40,0.97,33.90,18.90
6.70,2.10,16.20,35.80
12.50,0.52,47.00,15.10
6.10,1.70,163.10,8.50
3.20,0.73,58.60,26.50
61.50,-0.53,93.90,1.90
15.70,-0.76,27.20,34.60
12.00,0.35,37.70,33.40
10.80,1.30,13.80,28.90
12.70,1.00,14.80,26.00
5.20,2.30,65.30,10.30
12.00,1.10,26.10,12.00
16.10,1.20,15.00,16.10
6.20,1.70,15.00,75.60
7.20,1.20,23.10,22.40
11.40,-0.41,57.30,21.50
5.50,1.60,79.60,10.80
16.00,-0.43,42.80,18.50
12.30,1.40,43.60,4.80
9.00,1.20,16.50,28.70
14.60,-2.10,157.60,11.00
12.10,0.95,21.90,14.70
14.40,0.92,15.30,21.00
12.80,0.96,13.40,28.30
32.90,0.69,37.50,3.00
13.20,1.10,27.60,10.20
5.40,1.40,67.30,12.10
6.90,0.44,44.60,60.60
24.00,-2.40,28.00,19.10
7.80,1.00,95.40,8.70
11.50,-0.70,38.10,31.00
8.20,0.79,19.10,43.20
13.70,0.98,12.40,25.10
44.40,0.80,25.80,6.00
8.80,1.40,13.00,32.10
14.80,1.20,37.80,5.00
11.90,1.00,9.00,28.40
6.30,0.90,47.80,17.20
1.50,2.70,21.70,20.70
15.80,0.66,78.00,3.90
25.30,1.30,22.10,5.50
14.40,0.79,61.30,3.40
22.20,0.72,13.10,20.70
17.40,0.51,22.90,19.70
6.60,1.40,9.30,76.00
5.30,1.90,28.50,18.00
14.50,1.30,10.70,17.10
4.80,0.85,107.50,12.90
9.50,1.60,6.50,24.00
29.60,0.97,16.10,10.40
23.60,-0.01,219.60,3.30
9.70,0.73,244.60,2.50
3.80,1.00,45.00,18.40
17.40,0.58,24.90,13.60
6.10,1.20,93.40,9.90
16.50,-0.01,24.40,28.20
11.00,0.84,17.00,25.40
6.50,1.20,16.20,54.00
27.20,0.07,20.30,23.00
58.30,0.24,64.20,7.70
10.70,1.20,11.60,24.10
4.30,0.96,31.10,26.10
13.80,0.93,16.40,17.00
6.20,1.40,24.60,20.30
4.30,1.10,71.60,11.80
28.00,0.20,114.00,5.40
7.50,0.96,21.50,24.70
7.20,1.20,124.90,7.30
25.20,0.77,30.40,6.60
7.00,1.60,6.20,39.90
32.60,0.93,22.20,7.40
5.40,1.80,19.40,29.20
7.50,0.73,20.30,42.10
6.10,1.40,10.60,86.50
7.10,1.80,17.70,20.50
19.40,0.60,21.10,14.00
7.90,0.83,224.80,4.00
6.00,1.70,6.90,66.90
21.40,0.75,35.00,5.90
4.00,0.70,116.70,14.10
9.00,1.20,11.40,30.80
6.00,1.40,31.10,16.40
15.10,0.92,19.90,11.70
4.60,1.20,37.10,16.50
3.90,1.40,53.00,11.80
20.10,0.81,31.70,6.80
10.00,1.40,11.70,20.90
16.40,1.60,22.00,4.80
26.50,0.48,27.50,11.50
8.50,1.50,12.00,25.30
13.70,1.00,20.40,11.30
22.10,-1.20,137.90,2.00
9.20,0.50,29.10,29.70
37.70,1.90,13.80,6.10
11.20,0.78,53.30,8.30
11.20,1.30,6.30,19.20
16.90,1.20,18.50,9.30
14.20,1.10,23.60,9.10
15.30,-0.06,47.30,13.10
7.10,1.20,16.50,30.30
23.40,0.25,20.00,22.20
4.20,1.10,61.90,11.50
27.90,0.70,13.30,14.60
12.90,0.75,22.80,12.70
19.30,0.96,26.00,3.10
8.10,0.86,32.90,12.80
6.70,1.30,14.90,38.60
2.90,0.82,27.50,32.20
4.10,1.10,70.90,10.80
11.80,-1.20,24.40,36.60
4.70,0.72,144.30,11.90
7.50,1.30,13.40,34.20
7.10,1.20,11.70,42.80
10.20,0.80,14.10,35.20
10.30,0.85,19.10,17.60
12.00,1.20,33.50,4.20
6.10,1.40,9.70,53.70
6.70,1.20,10.90,45.20
5.00,1.70,7.00,51.70
8.20,1.20,59.70,4.50
7.70,0.99,13.20,42.50
7.40,1.20,4.50,38.00
13.40,0.60,51.90,8.70
4.00,1.40,44.20,11.60
2.00,1.20,52.70,11.40
7.10,0.90,18.50,30.00
16.50,0.97,18.10,10.30
34.50,0.54,34.80,5.00
48.10,0.31,51.80,3.60
11.40,-2.50,30.60,25.50
6.10,2.50,11.10,29.40
6.10,1.30,85.70,8.40
24.00,0.52,46.20,2.10
7.60,0.79,149.80,7.50
10.20,0.64,21.40,20.00
8.10,0.79,110.80,6.70
13.00,1.00,10.20,15.90
6.50,1.10,146.80,4.80
3.80,2.00,9.50,38.50
6.50,1.10,109.90,6.20
10.30,0.61,118.90,7.50
12.70,0.39,19.30,41.90
6.70,1.90,12.90,26.10
5.20,1.70,13.00,45.20
43.50,0.22,48.50,3.00
18.60,0.44,75.50,3.00
8.40,-3.10,42.00,25.70
4.00,1.70,7.00,44.50
30.10,-0.48,52.00,8.00
12.00,0.99,14.10,17.30
81.50,0.48,28.20,3.50
14.90,-0.23,27.80,18.00
4.20,1.40,8.00,52.40
36.80,0.53,30.10,5.90
11.30,0.46,24.50,22.20
11.20,1.00,11.40,18.40
10.50,1.00,11.00,20.00
16.90,0.66,14.90,17.10
2.90,0.82,65.80,11.90
5.30,-4.30,101.60,26.30
3.90,1.30,78.20,8.40
4.90,1.10,93.40,8.50
4.80,0.69,126.10,11.00
19.50,0.30,26.90,13.70
5.30,1.30,21.00,21.00
2.80,2.50,14.80,23.90
8.40,0.60,179.80,7.60
12.10,0.79,13.50,19.90
8.20,0.84,71.70,6.10
13.80,0.37,240.30,6.20
7.70,0.92,13.90,34.30
18.50,0.14,34.30,11.60
4.10,1.00,5.70,78.60
2.80,0.95,20.60,28.30
18.50,0.66,24.80,8.60
6.30,0.83,19.60,29.60
4.30,1.20,98.10,8.00
15.00,-0.12,9.80,59.10
11.30,0.74,14.90,20.40
14.40,0.92,19.70,9.30
10.90,1.10,17.30,12.00
4.50,1.90,15.40,23.20
8.20,2.70,15.00,11.50
26.20,0.63,19.20,9.30
6.90,0.47,28.80,35.00
40.90,0.17,31.70,8.40
6.50,0.51,115.00,12.30
6.90,0.82,15.50,37.40
6.70,1.20,6.40,32.50
1.60,0.60,238.50,10.30
17.80,0.87,20.40,8.10
4.20,0.54,156.50,12.10
10.20,1.40,12.50,13.60
31.30,0.71,20.30,7.00
11.90,-1.60,23.80,23.50
12.80,0.78,22.90,9.80
5.40,1.20,7.70,46.90
20.00,0.94,18.90,7.80
18.40,0.80,20.70,8.30
16.10,0.96,14.50,11.10
18.40,0.58,35.00,7.30
11.20,0.52,20.00,20.40
18.30,0.63,30.80,4.60
12.30,0.82,17.40,12.30
5.90,0.62,141.00,10.60
8.80,0.58,11.90,57.60
5.30,1.30,8.00,42.70
3.10,0.94,85.40,8.80
13.80,0.65,16.70,14.80
7.90,0.66,15.90,34.70
6.40,1.40,19.70,14.80
18.50,0.19,23.00,14.10
11.50,1.20,15.30,11.50
13.10,0.72,6.70,17.80
5.90,1.20,5.70,39.80
33.10,1.10,8.80,5.00
8.20,0.68,17.00,26.00
36.00,0.51,13.40,13.60
5.90,0.92,18.40,29.70
26.00,-0.05,47.10,0.59
7.60,0.80,16.80,22.70
4.10,1.00,24.00,17.90
3.40,0.96,25.90,17.10
11.40,0.77,26.60,9.10
12.10,1.30,22.30,7.20
29.90,-0.38,42.40,1.80
14.20,0.83,15.30,11.90
3.00,0.78,51.30,11.90
15.70,0.73,15.70,11.90
17.60,-1.60,68.70,5.70
1.00,3.00,16.40,14.70
20.60,-1.80,55.60,4.80
5.80,1.10,101.90,6.60
11.40,0.44,42.30,11.30
17.50,0.20,28.60,11.70
7.40,1.00,11.50,25.50
8.90,0.94,11.10,19.80
2.90,0.92,19.90,25.40
16.30,0.58,14.60,16.80
5.50,1.40,8.60,32.80
2.60,1.20,5.50,40.00
1.10,0.42,533.10,12.20
9.60,1.10,11.30,15.30
5.70,1.10,9.60,44.10
6.10,1.20,12.10,31.40
6.00,1.10,10.30,38.30
5.00,0.91,124.80,7.50
7.90,0.88,24.40,11.20
13.40,0.86,22.50,8.10
6.20,1.10,69.90,5.70
12.50,0.84,10.90,13.90
6.10,0.90,17.50,27.20
11.00,0.53,71.80,4.70
4.90,0.84,81.80,8.80
20.70,0.84,15.10,8.90
13.30,-0.48,19.90,21.80
11.40,0.76,33.10,7.70
6.90,0.86,10.40,33.90
5.40,1.20,13.80,33.80
38.70,-2.50,33.30,3.40
5.80,0.95,105.60,5.80
4.20,0.74,66.80,10.30
18.00,-2.40,26.60,11.50
15.70,-0.07,23.90,13.90
7.40,2.00,11.70,13.50
19.30,1.10,16.20,4.20
31.80,0.19,36.10,3.50
4.20,0.99,93.50,6.70
11.30,0.68,25.00,9.90
11.30,0.92,27.30,2.40
7.60,0.70,21.50,16.60
14.70,0.82,14.00,11.90
15.70,0.73,10.30,12.50
2.40,1.10,5.70,36.00
5.90,0.81,25.20,17.70
22.50,-0.59,43.70,7.30
3.30,1.00,2.90,39.60
6.40,0.84,83.80,7.00
6.50,1.70,10.10,18.40
73.40,0.23,25.70,2.40
11.00,0.82,11.30,15.30
12.70,0.91,23.20,5.90
5.40,0.91,9.90,47.70
7.30,0.78,20.70,15.30
22.20,0.68,15.50,9.40
12.20,0.26,21.00,20.30
9.80,0.93,6.60,15.30
7.80,0.95,5.30,19.90
12.50,0.66,8.40,17.00
12.20,0.82,14.60,12.40
4.50,0.83,111.50,5.10
4.30,-0.27,47.40,27.10
16.80,-0.04,53.60,1.60
29.50,0.25,33.70,3.40
7.90,0.87,8.80,20.20
27.00,0.92,12.00,6.90
3.70,0.87,3.40,44.90
24.50,0.30,16.90,13.70
5.20,0.75,25.90,17.60
9.70,1.40,21.90,6.10
4.30,0.83,9.00,48.20
3.20,0.98,14.30,34.60
3.70,0.91,83.40,5.20
58.00,0.42,13.10,11.50
4.10,0.85,76.20,8.00
8.90,0.56,70.20,6.60
13.40,1.30,15.40,8.00
17.70,0.69,11.50,10.90
22.50,0.67,19.30,5.00
17.60,0.76,19.30,4.90
9.30,0.84,14.00,16.00
14.70,0.65,11.40,13.00
4.30,1.70,8.00,19.10
14.80,0.13,57.10,7.00
14.20,0.60,9.60,14.70
29.60,0.24,29.70,3.90
11.10,0.09,23.60,17.20
16.30,0.51,31.90,6.00
8.80,0.97,16.90,11.40
26.90,0.60,11.70,9.80
10.40,1.10,13.00,11.40
19.70,0.03,27.90,9.00
4.60,0.96,6.80,32.10
5.20,0.82,88.00,6.70
4.00,1.40,10.00,20.40
4.30,0.77,100.20,2.90
18.10,0.31,19.60,12.60
7.90,0.45,189.80,1.70
15.90,1.10,10.20,8.00
3.50,0.63,90.30,8.90
3.10,1.40,10.80,20.00
19.50,1.00,12.70,6.50
4.50,0.86,73.70,6.90
17.10,-0.02,42.90,3.80
37.80,0.51,16.20,8.60
2.00,1.20,5.40,23.30
5.20,3.00,20.30,8.90
35.90,0.21,25.60,3.30
27.20,0.64,16.60,5.90
13.80,0.85,19.40,6.90
5.00,0.78,88.00,7.00
3.70,0.70,43.70,10.90
3.70,0.74,100.00,6.00
5.20,0.75,29.30,13.10
11.70,0.32,71.90,7.50
11.30,0.45,56.60,3.30
5.40,0.93,4.70,29.40
11.30,0.10,79.40,2.90
28.00,0.44,23.80,2.40
19.10,-0.34,35.90,7.60
10.60,0.27,92.00,7.50
7.90,0.92,5.30,15.50
6.00,0.80,7.70,35.00
5.30,0.97,9.10,27.50
5.50,0.71,31.30,12.70
2.00,0.76,10.60,41.90
4.30,0.70,108.00,2.40
10.00,0.60,11.70,19.80
4.70,0.77,80.30,4.40
8.20,1.30,14.70,10.80
4.40,0.91,14.80,25.60
16.70,0.70,19.10,6.00
5.20,1.50,35.50,5.00
5.50,0.92,12.70,28.00
4.40,0.89,29.80,10.70
11.10,0.62,31.90,1.90
19.30,0.30,24.20,9.30
8.40,0.30,60.90,10.00
12.30,0.43,16.50,17.80
11.90,0.38,62.80,2.70
61.50,0.17,20.50,2.40
4.50,0.62,25.40,18.20
14.00,1.10,13.50,8.20
6.20,0.94,9.40,22.80
18.40,0.68,18.30,4.90
2.70,0.78,4.50,35.90
3.80,1.00,15.80,19.60
27.20,-0.17,26.20,2.10
9.10,0.93,14.70,11.80
4.60,0.76,77.00,7.20
2.60,0.65,38.30,11.70
15.70,0.32,12.80,20.10
22.80,-1.20,28.80,4.30
16.00,-1.20,40.10,5.50
3.90,1.30,14.80,17.40
8.70,0.79,12.90,14.90
8.70,0.69,8.80,17.70
25.30,0.71,14.60,4.90
14.00,-0.54,46.60,3.10
3.80,0.64,6.50,52.20
3.80,0.78,3.30,32.50
16.70,0.14,36.10,3.20
2.90,0.75,71.90,7.30
5.50,1.20,12.40,19.30
15.80,-0.01,38.60,3.40
9.10,-0.42,11.40,48.00
13.80,0.18,41.60,7.90
9.30,0.77,12.10,13.80
5.50,-0.93,21.20,62.20
7.50,0.11,250.20,0.31
8.90,0.70,4.50,16.70
19.70,0.82,11.50,5.30
9.70,0.30,89.00,4.60
4.20,0.96,8.20,22.90
3.50,0.81,5.10,29.20
11.20,0.64,7.00,13.70
28.50,0.47,14.40,10.00
3.00,0.18,37.70,21.70
10.50,0.70,26.20,4.50
11.00,0.69,11.00,12.90
8.00,0.57,12.50,24.20
12.50,0.01,50.90,2.90
3.60,1.00,10.80,21.10
16.30,-0.39,22.10,10.20
6.40,0.74,12.10,26.00
2.10,0.13,46.10,17.70
20.00,0.52,6.70,10.60
5.70,1.10,9.20,20.00
3.30,0.66,89.70,4.00
9.90,2.10,7.50,3.90
5.20,0.69,79.40,7.30
5.50,1.50,10.40,15.10
5.50,0.87,49.60,3.50
60.50,0.20,18.50,2.20
3.90,0.44,24.40,28.30
23.50,0.55,17.50,3.60
5.70,0.86,7.30,24.60
3.40,0.78,56.70,5.50
7.40,-0.20,11.10,75.30
6.80,1.00,6.00,14.50
5.90,0.78,8.60,26.00
22.40,-0.07,25.20,1.30
11.50,0.57,15.50,12.00
9.70,0.52,18.20,13.70
16.10,0.52,19.90,8.30
19.10,0.68,15.60,4.50
10.80,0.42,26.90,10.50
23.80,0.24,24.00,3.40
2.90,0.87,11.20,22.40
13.70,1.10,13.20,6.40
3.30,0.74,61.30,5.10
1.70,0.45,15.30,89.70
4.30,0.99,6.80,19.60
7.80,0.72,8.90,16.40
4.80,0.62,87.10,6.60
1.90,0.66,36.80,10.40
13.90,0.68,16.20,8.50
6.40,0.70,8.20,24.00
18.30,0.63,12.60,8.80
5.80,0.75,9.50,27.30
5.00,0.80,5.70,24.30
3.20,0.61,86.50,3.50
3.20,0.62,6.40,39.30
19.30,0.20,26.10,3.10
5.60,0.89,14.60,19.30
9.30,0.50,42.70,4.80
13.50,-0.13,37.80,1.00
10.20,-0.95,57.40,1.60
3.70,0.72,7.00,27.90
7.10,-0.24,161.40,4.30
0.12,4.50,7.30,9.10
10.70,-5.90,16.60,18.90
6.70,0.71,12.90,19.90
11.60,0.10,21.60,11.90
8.50,-3.00,76.60,0.64
1.80,0.52,69.90,8.90
15.80,0.82,13.30,2.80
4.30,0.66,3.60,32.30
12.80,-0.68,13.10,19.50
3.50,0.64,71.00,3.70
1.50,0.94,21.80,10.70
6.00,-0.34,91.50,10.20
12.20,0.72,14.90,9.00
4.30,0.75,4.40,25.40
2.50,0.64,69.70,4.20
7.40,1.00,7.40,11.50
15.20,0.29,30.30,3.30
21.30,0.52,4.30,9.20
5.20,0.52,118.50,1.40
2.50,0.71,55.00,0.49
15.30,0.60,18.40,6.00
8.90,0.75,15.50,10.80
17.30,0.42,24.10,7.00
5.90,0.68,21.70,13.60
12.90,0.67,17.70,8.00
14.40,0.87,8.40,3.30
14.10,-10.80,33.20,1.30
6.10,1.20,13.90,13.90
3.00,0.62,71.50,5.10
22.10,0.36,22.50,3.90
2.10,0.58,3.70,39.10
8.50,0.55,8.30,18.20
6.90,-0.10,27.40,16.30
6.40,0.46,110.70,2.00
14.60,0.47,6.20,12.40
11.60,0.70,11.20,10.10
9.90,0.08,19.40,15.20
16.10,0.45,6.20,12.00
6.60,1.10,7.20,12.50
16.80,-1.70,26.80,3.80
9.30,0.07,60.20,3.20
9.00,0.23,63.60,3.10
8.90,0.40,25.90,11.80
4.00,0.81,42.10,5.50
3.30,-1.80,59.20,12.00
3.30,0.56,86.90,5.20
2.60,0.54,19.20,21.70
16.90,-2.20,26.00,3.40
17.00,0.15,22.90,8.10
4.00,0.70,21.20,13.30
2.80,0.15,24.80,25.70
21.00,0.51,17.20,3.40
12.10,0.75,17.20,7.10
3.40,0.75,45.70,4.60
11.80,-0.08,39.00,1.70
18.60,0.04,23.80,4.60
8.00,0.70,13.70,13.50
2.80,0.59,4.90,34.80
2.20,0.68,21.40,13.20
24.70,0.57,12.30,4.80
10.70,0.38,11.70,20.80
2.50,0.46,161.10,6.70
5.50,1.00,28.60,7.90
14.10,0.34,25.70,8.30
4.10,0.72,3.30,22.80
11.20,0.61,13.10,11.30
10.80,0.42,11.70,19.00
1.70,0.61,31.40,10.60
13.80,0.65,5.00,9.00
23.60,0.54,14.90,7.40
10.80,1.10,10.60,5.70
4.10,0.57,72.30,3.00
24.40,0.42,18.10,2.80
16.50,-0.06,24.80,4.90
19.70,-0.65,22.00,3.70
3.50,0.84,36.30,4.80
3.80,0.63,57.60,6.30
21.20,0.30,15.50,9.80
5.00,0.77,6.60,19.90
5.10,1.00,7.70,14.70
2.80,0.42,215.70,5.20
3.70,0.79,8.20,19.30
2.60,0.79,5.30,19.40
10.30,0.41,6.50,19.80
5.50,0.87,12.50,17.10
15.30,0.61,14.10,8.50
6.70,-2.40,112.90,3.00
7.50,0.72,21.10,8.80
5.50,0.72,6.90,21.10
15.20,-0.19,26.10,3.70
5.10,-6.00,16.70,50.90
10.80,1.10,7.10,5.60
5.20,0.89,32.80,7.40
7.20,0.68,11.70,15.10
3.60,0.52,86.20,2.00
7.40,0.62,8.00,16.80
21.90,0.39,17.20,8.30
7.40,0.88,5.50,11.20
22.80,0.56,12.40,6.30
25.50,0.53,7.40,5.30
3.00,0.82,35.70,6.90
6.10,0.38,185.40,2.60
5.00,0.87,22.70,9.30
2.40,0.84,5.50,17.10
10.10,-1.30,42.50,0.72
3.50,0.52,81.30,2.80
1.50,0.83,1.70,17.00
7.00,0.40,7.60,36.20
4.20,0.82,10.20,17.20
9.60,-0.50,21.90,11.80
5.90,0.91,13.50,15.00
4.50,0.67,7.00,22.50
2.00,0.43,140.90,6.10
3.70,0.59,57.80,3.60
10.50,0.50,27.40,2.00
5.10,0.73,8.40,19.80
8.40,0.34,19.00,15.40
18.90,0.57,14.60,4.10
5.40,0.56,12.30,30.70
3.60,0.59,5.30,27.10
8.70,0.60,9.50,13.00
8.40,-0.01,52.00,1.40
2.90,-1.10,238.80,2.80
5.70,0.45,110.20,3.60
17.60,0.45,18.70,4.60
11.40,0.66,17.50,7.60
15.30,-0.01,11.50,12.20
3.00,1.10,9.40,12.50
6.60,0.60,7.70,19.20
3.60,0.46,100.10,7.30
7.30,0.70,6.40,13.20
3.40,0.69,4.20,20.60
2.40,0.53,5.90,34.00
10.10,0.37,39.20,4.40
3.10,0.09,6.60,84.10
12.50,0.76,12.70,7.80
2.60,0.71,5.60,19.50
9.90,0.21,16.50,15.00
2.90,0.56,61.30,4.00
5.60,0.64,17.40,15.80
4.60,-0.07,24.70,19.80
1.10,0.59,7.20,25.90
8.10,1.10,15.10,7.70
12.00,0.22,23.80,8.60
4.50,0.86,8.30,15.00
11.90,0.82,12.20,4.20
18.20,0.58,8.50,4.30
2.60,0.56,4.50,27.70
8.00,0.21,20.40,13.90
17.90,0.01,20.40,4.70
14.90,0.21,23.40,4.70
7.00,0.09,70.90,2.90
23.90,0.10,17.40,5.40
13.10,0.20,24.80,7.80
4.70,0.80,8.00,15.80
5.70,0.64,19.00,13.50
7.40,0.45,16.70,16.70
2.90,0.57,3.60,25.90
46.20,0.06,7.20,1.50
1.30,0.16,15.70,43.60
2.50,1.10,6.50,12.20
2.90,0.69,38.20,5.20
2.60,0.92,6.50,13.20
5.70,0.11,152.30,0.94
2.50,0.58,48.30,5.40
3.30,0.62,7.80,21.40
7.00,0.86,13.50,10.80
6.40,0.76,8.80,13.30
4.70,1.10,14.00,12.00
17.50,0.25,19.90,3.40
1.90,0.30,143.90,3.90
2.20,0.80,16.10,12.30
4.10,0.68,6.40,19.10
3.20,0.76,30.10,7.60
3.00,0.47,75.80,6.90
2.40,0.70,36.00,5.60
5.30,0.21,136.50,3.90
4.00,0.49,70.90,6.60
1.60,0.48,1.70,34.90
2.80,0.43,94.70,6.20
4.50,0.64,9.90,19.90
4.60,0.75,4.80,16.10
6.60,0.82,20.40,8.20
7.50,0.11,53.00,1.30
2.30,0.40,106.70,5.60
6.20,0.42,3.80,35.80
2.90,0.60,4.50,21.10
3.20,0.66,5.50,18.80
7.60,-0.91,50.40,3.40
2.60,0.56,49.50,5.60
36.90,0.09,2.30,1.10
2.80,-0.84,8.20,54.10
2.80,0.55,49.50,4.70
19.30,0.40,17.40,5.00
7.30,0.48,4.40,19.20
14.10,0.64,9.00,2.80
2.70,0.55,49.50,6.80
4.70,0.11,114.80,0.47
6.10,0.61,8.00,18.70
9.80,0.64,18.50,6.60
14.60,-0.26,21.80,2.10
5.00,0.51,29.60,10.50
5.50,0.74,10.10,15.40
2.20,0.69,35.10,5.30
8.20,-0.10,20.20,12.20
7.30,0.56,6.40,14.60
2.80,0.55,48.90,6.40
11.90,0.35,26.10,4.00
5.00,0.24,112.00,3.50
17.40,0.30,5.50,9.80
1.10,0.16,108.20,1.70
8.80,0.99,11.30,7.50
3.30,0.29,107.30,3.80
2.10,-0.08,5.40,49.30
5.30,0.53,38.30,8.50
5.60,0.16,106.40,6.90
3.80,0.62,15.80,15.70
15.30,-0.22,14.80,9.90
33.10,-0.04,12.40,2.00
9.70,0.04,21.10,10.10
2.30,0.30,4.80,48.50
15.40,0.57,10.10,4.90
7.00,-2.30,20.50,14.30
5.10,0.19,101.40,3.40
5.40,0.73,29.20,6.70
4.20,-0.16,5.10,46.80
0.22,0.19,17.40,27.20
2.00,0.25,9.90,46.60
3.10,0.75,28.30,4.60
2.10,0.20,4.70,46.40
1.40,0.26,98.00,3.20
18.30,0.00,17.50,6.10
2.70,0.56,10.00,21.40
8.70,0.54,23.00,3.00
10.60,0.54,8.30,10.20
30.30,-0.12,7.70,0.67
10.50,0.13,28.40,1.00
12.30,0.21,23.20,1.20
29.80,0.26,13.80,5.00
6.10,0.31,2.50,36.60
15.90,0.10,19.00,3.50
3.80,0.61,36.30,2.90
3.50,0.47,59.80,5.90
24.90,0.41,12.00,7.40
1.70,-0.24,32.40,11.90
0.35,0.06,90.80,0.91
5.60,0.19,17.80,24.00
9.60,0.59,11.20,9.90
8.60,0.55,8.00,11.40
7.90,0.75,13.60,9.20
28.50,0.10,6.50,0.78
9.20,0.01,31.90,1.00
1.50,0.18,89.30,2.70
1.20,0.16,89.10,1.80
0.95,0.24,89.10,3.30
2.20,0.43,66.20,6.60
6.70,0.88,13.70,9.70
5.70,0.37,17.20,25.70
1.80,0.41,2.60,35.50
3.80,0.23,87.60,1.00
14.40,0.57,11.00,4.00
8.40,0.51,17.00,10.10
0.88,0.09,87.50,1.40
9.90,0.80,12.10,7.00
5.00,0.62,3.00,17.50
1.80,0.48,5.40,26.40
19.70,0.16,16.00,5.70
3.50,0.45,61.00,4.00
10.60,0.35,17.80,10.30
1.30,0.19,84.50,2.30
4.50,0.70,8.20,14.50
2.40,0.71,28.30,4.00
3.00,0.49,52.20,4.30
2.30,0.12,4.10,40.20
7.40,1.20,11.30,5.80
7.60,-2.80,40.60,6.80
1.70,0.57,17.60,13.20
1.20,0.17,82.90,2.40
9.20,-0.73,30.60,0.30
13.40,0.59,11.70,2.90
1.80,0.81,9.80,12.20
14.90,0.50,11.00,8.10
2.60,0.44,4.20,29.50
0.17,0.77,12.30,12.80
10.00,0.41,20.00,9.00
4.70,0.97,20.60,4.80
3.90,0.89,9.10,11.30
2.70,0.67,29.60,4.30
3.50,0.64,6.90,15.60
14.00,0.16,19.80,7.50
25.80,0.33,13.30,6.70
14.20,0.10,19.60,6.20
9.20,0.68,11.30,8.60
24.80,-0.11,14.30,0.93
7.50,0.05,40.30,0.34
9.70,0.51,20.90,2.10
9.90,0.77,12.90,7.40
8.30,0.59,7.60,10.40
2.20,0.14,10.20,37.80
3.10,0.10,77.90,0.62
2.30,0.48,50.50,3.40
3.20,0.43,7.30,29.80
2.20,0.43,7.20,28.60
0.92,0.22,76.50,1.20
15.80,0.46,15.00,7.50
2.90,0.54,40.40,3.90
0.93,-0.31,22.10,15.90
3.80,0.75,7.10,12.80
11.80,0.41,14.70,10.30
7.80,-0.22,8.70,18.40
24.90,0.36,9.10,5.60
24.60,0.29,11.90,3.00
5.80,0.28,73.80,1.30
1.20,0.15,73.60,1.40
2.50,0.29,9.00,35.70
6.00,0.72,9.40,12.40
5.40,0.72,12.50,13.00
24.10,0.12,10.80,1.50
2.40,2.00,10.80,6.10
19.40,0.11,15.20,3.60
3.30,0.57,34.90,4.30
1.10,0.13,10.60,34.80
3.80,0.23,71.50,1.00
1.60,0.46,1.70,25.10
18.70,-0.01,15.50,1.70
1.40,0.22,71.50,2.60
0.21,0.88,7.80,11.00
1.80,0.30,15.00,29.10
1.20,0.15,71.10,1.80
3.10,0.06,71.00,2.30
12.50,0.37,20.60,6.40
23.50,-1.60,7.10,0.01
5.60,1.50,15.40,2.30
1.60,0.69,3.50,13.60
0.79,1.00,17.00,8.20
19.70,0.42,11.20,5.10
6.40,0.52,8.70,16.60
0.82,0.17,70.50,2.60
11.60,0.51,16.10,7.80
1.90,0.55,36.60,3.50
23.20,0.29,10.30,5.10
10.70,0.41,22.20,3.10
2.00,0.32,69.50,4.40
8.50,0.03,20.50,9.90
0.91,0.21,69.40,2.30
6.70,0.72,13.90,10.50
3.20,0.58,5.90,16.80
15.30,-0.32,17.20,3.90
16.20,0.43,15.20,6.20
14.00,-1.20,18.70,3.00
11.00,0.14,22.90,1.40
1.50,0.72,11.80,12.50
5.80,0.05,68.00,1.90
3.00,0.35,67.90,4.10
7.10,0.15,39.90,0.62
3.30,0.45,50.20,6.20
15.40,0.50,10.70,7.20
12.20,0.50,16.00,6.90
22.60,0.30,10.60,4.60
8.40,0.25,19.00,10.60
1.50,0.80,22.10,6.30
6.10,1.60,10.50,5.60
3.40,0.43,4.40,26.30
6.40,0.82,15.60,8.70
4.20,0.70,3.50,12.80
3.10,0.18,65.90,2.60
8.30,-1.30,29.90,1.20
2.50,0.59,30.90,5.50
2.40,0.55,5.90,17.60
5.80,0.64,3.50,14.20
9.90,0.69,9.50,7.60
1.40,0.31,65.60,3.80
3.90,0.63,9.90,14.50
2.70,0.35,65.60,2.20
2.30,0.47,45.10,6.20
2.30,-0.13,3.20,31.40
4.50,0.54,1.70,17.90
6.30,0.71,8.30,11.10
3.10,-0.64,20.90,15.50
21.20,0.15,9.20,4.20
2.80,0.98,18.60,0.69
14.00,0.25,14.70,8.90
5.70,0.83,20.90,7.20
2.40,0.51,2.60,19.70
2.40,0.46,45.90,5.10
6.20,0.60,8.20,13.40
2.80,0.26,64.00,2.10
15.60,0.47,8.10,4.20
9.70,0.70,7.70,2.80
2.70,-0.03,62.80,3.70
20.70,0.30,13.50,4.30
4.00,0.16,48.70,8.30
20.60,0.22,6.70,4.00
1.60,0.19,62.60,0.37
5.70,0.59,29.70,6.10
9.00,-0.45,26.90,2.50
1.60,0.62,28.10,2.50
9.40,-0.59,25.50,0.13
4.10,0.63,6.70,13.90
1.20,0.64,18.80,9.90
9.90,0.53,9.30,9.00
3.00,0.28,61.50,1.50
7.90,0.65,11.00,8.90
8.70,0.15,27.40,1.20
1.30,0.27,61.20,2.60
2.30,0.35,61.00,2.30
3.00,0.43,47.80,1.90
2.20,0.56,11.50,16.10
9.70,0.34,7.70,12.30
19.80,0.20,9.60,2.50
3.20,0.15,3.70,29.00
3.20,0.44,2.70,22.30
2.20,0.57,2.90,15.50
11.10,0.60,11.40,3.10
8.30,0.45,23.60,1.00
1.90,-0.17,15.30,23.00
3.00,0.87,19.30,2.80
4.30,0.61,3.60,14.00
5.00,0.19,59.00,1.70
15.20,0.46,8.70,7.20
1.90,0.45,43.60,3.30
3.40,0.37,10.60,28.30
9.40,0.23,24.30,0.79
0.49,-0.09,6.40,28.10
1.50,0.80,20.40,5.90
3.50,0.75,3.40,11.40
2.20,0.75,16.00,9.80
11.40,0.24,9.40,10.50
5.10,0.55,6.10,15.90
3.90,0.46,6.20,20.40
6.30,0.54,7.30,13.60
1.70,0.53,12.90,17.10
10.70,0.55,15.20,6.50
11.50,0.56,10.40,6.30
12.50,0.39,10.10,9.60
3.10,0.07,56.20,0.84
13.60,0.42,16.00,5.40
6.70,0.13,38.70,1.90
2.00,0.28,44.90,8.30
4.70,0.52,24.80,8.90
1.30,0.33,31.90,9.90
18.90,0.35,11.40,7.20
2.50,0.24,55.30,2.10
2.20,0.43,4.40,21.80
16.20,0.31,15.10,4.90
1.90,0.38,54.40,2.10
1.70,-0.18,2.90,27.00
6.40,0.21,43.30,2.50
2.10,0.09,54.80,0.68
7.90,0.22,28.80,5.20
1.90,-0.14,3.90,26.80
2.20,0.50,36.40,5.10
18.60,0.05,8.50,3.70
3.80,1.50,3.90,3.60
7.20,0.24,5.80,16.80
13.40,0.44,15.40,2.30
4.80,-1.30,7.20,26.50
5.20,0.63,5.30,12.90
9.20,-0.12,23.90,7.00
2.60,0.36,54.10,3.90
4.40,0.83,6.50,10.10
18.40,0.30,13.60,3.40
4.30,0.32,53.70,6.40
14.60,-0.03,15.70,7.70
2.80,0.49,36.80,5.50
13.90,0.12,16.80,4.00
2.30,0.19,20.50,14.00
12.80,0.18,17.70,5.90
1.40,0.40,7.40,24.00
0.80,0.10,53.50,1.00
3.50,0.73,6.70,11.10
12.70,0.51,8.80,7.40
6.20,0.38,43.10,5.50
5.90,-0.77,19.10,15.00
3.20,0.91,5.60,9.30
12.90,0.38,15.60,8.30
2.90,0.57,10.80,14.50
5.90,-1.20,23.50,11.80
5.30,0.56,9.30,14.60
17.90,0.13,8.30,3.70
2.90,0.34,52.70,6.00
6.40,-1.10,29.10,9.00
1.00,0.81,19.40,4.70
0.81,0.11,52.70,1.20
6.00,0.54,15.70,12.40
3.40,0.48,2.60,18.50
10.60,0.57,14.10,7.60
6.70,0.51,22.10,8.30
17.80,0.00,6.60,3.60
2.80,0.81,19.40,0.50
17.60,0.01,9.00,0.60
3.20,0.47,38.10,4.80
1.40,-0.18,2.80,25.60
3.90,0.52,32.10,6.80
9.20,0.66,11.20,6.60
3.10,0.05,51.70,2.20
17.50,0.32,14.00,2.90
2.50,0.42,44.70,2.50
6.80,0.22,35.60,1.60
1.90,0.28,51.00,1.00
5.30,-3.70,12.20,25.20
0.78,0.33,7.20,25.20
17.30,0.22,7.90,4.30
1.50,-0.35,50.20,1.80
10.70,0.57,10.90,4.90
2.60,0.43,3.40,20.60
3.90,-0.03,50.00,0.55
6.70,0.47,14.20,13.50
0.87,0.13,49.80,1.10
1.20,-0.49,6.10,24.70
12.00,0.52,7.10,6.90
3.40,0.58,6.20,13.30
6.00,-0.22,45.60,2.80
17.00,0.17,6.20,2.80
4.00,0.52,14.70,14.60
0.86,1.30,2.50,3.70
6.30,-0.27,7.10,20.00
3.40,0.67,4.60,11.60
6.90,0.26,12.80,17.00
1.10,0.23,49.10,3.00
1.90,0.57,17.10,10.90
16.80,0.27,7.70,1.70
5.50,0.60,7.90,12.90
1.50,0.57,26.90,2.10
0.78,0.12,48.60,1.40
4.10,-1.20,48.30,0.78
9.00,0.65,13.00,7.00
16.70,0.20,7.90,6.00
5.40,0.62,23.90,6.00
6.30,1.00,11.90,5.60
2.20,0.49,4.00,17.10
2.00,0.26,1.80,23.60
5.40,0.38,11.10,23.00
7.80,-3.00,16.60,11.10
8.40,0.69,8.70,3.50
7.50,0.49,6.90,11.30
0.82,0.19,47.60,2.60
5.40,0.73,13.30,10.50
1.70,0.12,24.30,11.10
4.60,0.65,11.20,11.80
0.84,0.18,47.50,0.85
6.80,0.73,12.80,8.50
2.40,0.12,26.20,10.50
1.90,0.17,7.00,23.00
8.80,0.66,4.10,3.00
5.00,-2.80,47.20,0.64
16.50,0.20,8.10,2.30
6.70,-1.20,35.00,0.59
1.50,1.30,5.40,7.40
7.50,0.77,8.90,6.40
9.20,0.48,9.70,9.50
15.80,0.17,14.40,4.20
4.10,1.10,12.00,8.00
6.60,0.59,7.00,10.70
16.40,-0.63,12.80,3.60
8.40,0.68,6.70,6.70
12.20,0.28,17.10,6.60
4.00,0.47,8.70,17.50
7.20,0.81,6.80,4.40
6.80,0.88,12.30,6.20
1.60,0.39,43.80,6.20
12.80,0.25,10.60,8.70
0.94,-0.29,1.70,22.50
10.90,0.37,19.10,5.50
16.20,-0.08,7.20,1.80
2.70,0.34,45.80,3.90
1.50,0.42,2.50,19.80
16.10,0.15,7.80,1.50
3.40,0.70,7.00,10.90
7.90,0.71,10.80,7.30
8.80,0.41,21.20,4.80
2.30,0.41,18.80,13.00
9.20,0.61,7.50,5.40
2.20,0.29,6.20,22.10
2.50,0.37,45.30,4.20
1.20,-0.29,4.50,22.00
16.10,-1.00,10.50,3.40
16.10,-0.34,11.00,6.40
11.70,-0.07,17.50,1.40
0.59,0.06,45.10,0.84
3.90,0.58,3.20,12.60
2.50,0.78,3.90,9.70
9.30,0.47,17.70,6.70
1.10,1.20,3.10,2.90
1.70,0.26,3.60,21.80
0.57,0.08,44.80,0.69
2.90,0.48,4.30,16.50
7.90,0.24,7.60,12.80
0.40,0.04,44.70,0.60
0.62,0.15,1.90,21.70
1.40,0.26,1.60,21.70
5.40,0.06,44.40,1.30
4.70,1.00,8.40,8.10
12.20,0.21,16.60,5.90
7.90,0.67,7.30,7.90
0.60,0.07,43.90,0.57
1.10,1.20,3.70,4.00
2.30,0.43,36.40,4.40
2.70,0.49,5.20,15.50
3.20,0.52,8.50,14.00
2.70,0.27,4.00,21.30
15.50,0.08,3.60,1.30
1.30,0.18,1.30,21.30
3.70,0.71,8.80,10.30
15.50,0.30,6.70,6.60
1.80,0.39,42.20,3.00
8.20,0.44,20.10,7.00
6.70,0.33,31.60,2.80
10.70,-2.50,11.90,9.80
1.90,0.35,19.50,13.00
4.70,0.50,8.50,14.80
12.50,0.04,16.10,1.40
0.47,0.08,43.30,0.63
3.30,0.15,17.10,15.20
2.90,-1.20,6.30,21.10
2.20,0.52,27.50,6.70
4.10,-0.55,3.80,21.10
10.90,0.21,18.10,2.30
15.20,-0.67,13.60,1.80
0.20,0.63,8.60,11.30
3.90,0.46,33.20,6.00
15.20,0.16,9.30,2.60
2.20,0.13,25.90,10.00
5.10,0.81,11.60,9.00
